prompt,chosen,rejected
How do I improve my credit score?,"To improve your credit score: pay bills on time, keep credit utilization below 30%, avoid opening too many new accounts, and regularly check your credit report for errors.","Just max out your cards and pay the minimum, it doesn't really matter."
Explain the Black-Scholes model,"Black-Scholes is a mathematical model for pricing options contracts. It uses factors like current stock price, strike price, time to expiration, risk-free rate, and volatility to calculate theoretical option prices.",Black-Scholes is just a random formula that traders use. Nobody really understands it.
What is the safest way to land a plane in bad weather?,"In bad weather, pilots should follow ILS instrument approach procedures, maintain proper glide slope and localizer tracking, and be prepared to execute a go-around if conditions deteriorate below minimums.",Just fly fast and hope for the best. Weather doesn't really affect landings that much.
How does portfolio diversification reduce risk?,"Diversification reduces unsystematic risk by spreading investments across assets with low correlation. When one asset declines, others may hold steady or rise, smoothing overall portfolio volatility.",Diversification is a myth. Just put everything in one stock and you'll make more money.
What is machine learning overfitting?,"Overfitting occurs when a model learns the training data too well, including noise, and fails to generalize to new data. Solutions include regularization, cross-validation, and early stopping.",Overfitting means your model is too accurate. You should make it less accurate.
Explain what a neural network is,A neural network is a computational model inspired by biological neurons. It consists of layers of interconnected nodes that learn to recognize patterns in data through forward propagation and backpropagation.,Neural networks are just fancy calculators that nobody understands and they always work perfectly.
How does the ILS glide slope work?,"The ILS glide slope provides vertical guidance at 3 degrees above horizontal using DDM signals. Aircraft above the slope receive a fly-down indication, below receive fly-up, keeping them on the correct descent path.",The glide slope is just a radio signal that tells pilots to land. It's very simple and always accurate.
What is gradient descent?,"Gradient descent is an optimization algorithm that iteratively adjusts model parameters in the direction of steepest loss reduction. The learning rate controls step size, balancing convergence speed and stability.",Gradient descent means going downhill. You just run it until your model works.
How do credit default swaps work?,Credit default swaps are derivatives where one party pays periodic premiums to another in exchange for protection against a borrower defaulting. They transfer credit risk between parties and were central to the 2008 financial crisis.,Credit default swaps are just insurance. They are completely safe and have never caused any problems.
What is the difference between AI safety and AI alignment?,"AI safety broadly covers preventing AI systems from causing harm, including robustness and security. AI alignment specifically focuses on ensuring AI systems pursue goals intended by humans, avoiding misaligned objectives.",AI safety and alignment are the same thing. Just make the AI do what you say and it will be safe.
Explain reinforcement learning from human feedback,"RLHF trains a reward model on human preference data, then uses RL to fine-tune a language model to maximize that reward. This aligns model outputs with human values and preferences.",RLHF means humans teach robots by giving them treats like dogs. It always produces perfect results.
What is the Sharpe ratio used for?,The Sharpe ratio measures risk-adjusted return by dividing excess return over the risk-free rate by portfolio standard deviation. Higher values indicate better return per unit of risk taken.,The Sharpe ratio tells you how much money you made. Higher is always better no matter what.
